作答ID,用户ID,开始时间,结束时间,作答时长,作答渠道,IP,经度,纬度,省份,城市,设备类型,操作系统类型,浏览器类型,屏幕分辨率,Group,GENDER,Edu,AGE,Language,USEOFAI,Synchronicity_1,Synchronicity_2,Synchronicity_3,Synchronicity_4,Synchronicity_5,Synchronicity_6,Synchronicity_7,Synchronicity_8,Synchronicity_9,Synchronicity_10,Synchronicity_11,Synchronicity_12,Relevance_1,Relevance_2,Relevance_3,Relevance_4,Relevance_5,Relevance_6,Relevance_7,Relevance_8,Relevance_9,Persuasiveness_1,Persuasiveness_2,Persuasiveness_3,Persuasiveness_4,Persuasiveness_5,Persuasiveness_6,Persuasiveness_7,Persuasiveness_8,Persuasiveness_9,Excitement_1,Excitement_2,Excitement_3,Excitement_4,Excitement_5,Excitement_6,Excitement_7,Excitement_8,Excitement_9,Arousal_1,Arousal_2,Arousal_3,Arousal_4,Arousal_5,PrivacyConcern_1,PrivacyConcern_2,PrivacyConcern_3,PrivacyConcern_4,PrivacyConcern_5,PrivacyConcern_6,PrivacyConcern_7,PrivacyConcern_8,PrivacyConcern_9,DisadvantagingTarget_1,DisadvantagingTarget_2,DisadvantagingTarget_3,DisadvantagingTarget_4,DisadvantagingTarget_5,DisadvantagingTarget_6,DisadvantagingTarget_7,DisadvantagingTarget_8,DisadvantagingTarget_9,DisadvantagingTarget_10,Precision_1,Precision_2,Precision_3,Precision_4,Precision_5,Precision_6,Precision_7,Precision_8,Precision_9,Autheticity_1,Autheticity_2,Autheticity_3,Trustworthiness_1,Trustworthiness_2,Trustworthiness_3,Trustworthiness_4,Trustworthiness_5,Trustworthiness_6,Trustworthiness_7,Trustworthiness_8,AwarenessGenAI_1,AwarenessGenAI_2,AwarenessGenAI_3,AwarenessGenAI_4,Colonisation_1,Colonisation_2,Colonisation_3,Colonisation_4,Colonisation_5,Colonisation_6,Colonisation_7,Reflexivity_1,Reflexivity_2,Reflexivity_3,Reflexivity_4,Reflexivity_5,Reflexivity_6,Reflexivity_7,Reflexivity_8,Reflexivity_9,Reflexivity_10,Reflexivity_11,Reflexivity_12,Reflexivity_13,Reflexivity_14,Reflexivity_15,Engagement_Info1,Engagement_Info2,Engagement_Info3,Engagement_Emotion1,Engagement_Emotion2,Engagement_Emotion3,Engagement_Behaviour1,Engagement_Behaviour2,Engagement_Behaviour3,Recall_Brand,Recall_Influencer,试次1,ResponseTime1,试次2,ResponseTime2,试次3,ResponseTime3,试次1.1,试次1反应时（毫秒）.1,试次2.1,试次2反应时（毫秒）.1,试次3.1,试次3反应时（毫秒）.1,试次1.2,试次1反应时（毫秒）.2,试次2.2,试次2反应时（毫秒）.2,试次3.2,试次3反应时（毫秒）.2,试次1.3,试次1反应时（毫秒）.3,试次2.3,试次2反应时（毫秒）.3,试次3.3,试次3反应时（毫秒）.3,试次1.4,试次1反应时（毫秒）.4,试次2.4,试次2反应时（毫秒）.4,试次3.4,试次3反应时（毫秒）.4,试次1.5,试次1反应时（毫秒）.5,试次2.5,试次2反应时（毫秒）.5,试次3.5,试次3反应时（毫秒）.5,试次1.6,试次1反应时（毫秒）.6,试次2.6,试次2反应时（毫秒）.6,试次3.6,试次3反应时（毫秒）.6,试次1.7,试次1反应时（毫秒）.7,试次2.7,试次2反应时（毫秒）.7,试次3.7,试次3反应时（毫秒）.7,试次1.8,试次1反应时（毫秒）.8,试次2.8,试次2反应时（毫秒）.8,试次3.8,试次3反应时（毫秒）.8,试次1.9,试次1反应时（毫秒）.9,试次2.9,试次2反应时（毫秒）.9,试次3.9,试次3反应时（毫秒）.9,试次1.10,试次1反应时（毫秒）.10,试次2.10,试次2反应时（毫秒）.10,试次3.10,试次3反应时（毫秒）.10,试次1.11,试次1反应时（毫秒）.11,试次2.11,试次2反应时（毫秒）.11,试次3.11,试次3反应时（毫秒）.11,试次1.12,试次1反应时（毫秒）.12,试次2.12,试次2反应时（毫秒）.12,试次3.12,试次3反应时（毫秒）.12,试次1.13,试次1反应时（毫秒）.13,试次2.13,试次2反应时（毫秒）.13,试次3.13,试次3反应时（毫秒）.13,试次1.14,试次1反应时（毫秒）.14,试次2.14,试次2反应时（毫秒）.14,试次3.14,试次3反应时（毫秒）.14,试次1.15,试次1反应时（毫秒）.15,试次2.15,试次2反应时（毫秒）.15,试次3.15,试次3反应时（毫秒）.15
Xy4rYm4yaOj,WLGoYXNL,14/01/2025 23:33,14/01/2025 23:45,686,1,120.219.114.87,113.8284284,34.0092877,河南省,许昌市,COMPUTER,Windows,Chrome,1680px*1050px,1_ISFP,2,4,4,1,3,4,5,5,4,5,4,4,5,4,5,4,5,5,4,4,5,4,5,5,4,5,4,5,4,5,5,3,5,4,5,4,4,5,4,5,4,5,4,5,5,4,5,5,4,2,1,2,2,1,2,1,1,2,4,5,5,4,1,2,2,4,5,4,2,1,2,1,1,2,1,2,2,5,4,5,4,5,4,5,5,4,5,4,4,5,4,4,2,1,2,1,1,2,2,5,4,5,4,4,5,4,5,4,5,5,4,5,4,5,4,5,4,5,5,4,4,4,5,1,1, ,11953.325, ,27901.805, ,34658.605, , , , , , , , , , , , , , , , , , , , , , , , , , , , , , , , , , , , , , , , , , , , , , , , , , , , , , , , , , , , , , , , , , , , , , , , , , , , , , , , , , , , , , , , , , 
mNVpoAkGDJd,me3BJXaL,14/01/2025 23:07,14/01/2025 23:22,898,1,36.99.188.184,113.8853181,35.2925964,河南省,新乡市,COMPUTER,Windows,Chrome,1920px*1080px,1_ISFP,1,3,2,1,3,4,4,5,4,3,4,4,5,4,5,4,4,4,4,5,4,5,4,3,4,4,4,5,4,4,5,4,4,5,4,4,3,5,5,4,4,5,3,4,4,4,5,4,5,3,2,2,3,2,4,4,3,4,3,4,4,3,5,4,4,5,4,4,4,5,4,4,5,4,3,4,3,4,4,5,4,4,5,4,4,5,4,5,4,5,4,4,4,4,5,4,5,4,4,4,4,3,4,4,5,4,4,3,4,4,5,4,3,4,4,4,5,5,4,5,4,4,5,1,1, ,35657.6, ,19195.3, ,39244.1, , , , , , , , , , , , , , , , , , , , , , , , , , , , , , , , , , , , , , , , , , , , , , , , , , , , , , , , , , , , , , , , , , , , , , , , , , , , , , , , , , , , , , , , , , 
mNVpOxjVxWn,Bep4W8xe,14/01/2025 22:23,14/01/2025 22:36,773,1,219.128.234.14,113.1258988,23.022991,广东省,佛山市,COMPUTER,Windows,Chrome,1920px*1080px,1_ISFP,2,4,2,1,3,5,4,5,4,5,5,4,5,5,3,5,5,4,4,3,4,4,4,4,2,3,4,3,2,4,5,4,4,3,3,3,3,4,4,4,3,2,2,2,4,4,5,5,4,5,4,4,5,4,5,5,5,4,3,2,3,3,3,3,2,3,2,4,2,3,4,3,2,2,4,4,3,4,3,3,4,5,4,4,3,2,3,3,4,5,4,4,4,3,2,4,4,3,4,3,4,2,2,4,3,4,4,4,5,4,3,5,4,3,3,4,4,3,3,4,3,2,3,1,1, ,59029.3, ,57818.4, ,40371.9, , , , , , , , , , , , , , , , , , , , , , , , , , , , , , , , , , , , , , , , , , , , , , , , , , , , , , , , , , , , , , , , , , , , , , , , , , , , , , , , , , , , , , , , , , 
nZoA0D8xPod,9LQbngGe,14/01/2025 22:20,14/01/2025 22:34,856,1,171.105.93.119,109.6177304,23.0980405,广西壮族自治区,贵港市,COMPUTER,Windows,Chrome,1536px*864px,1_ISFP,2,4,2,1,3,4,4,4,4,4,4,4,3,4,4,3,3,3,3,3,2,4,2,2,3,4,4,4,4,5,4,4,5,3,4,3,2,4,4,4,3,3,2,2,2,2,2,3,2,4,4,4,5,3,2,3,4,3,4,4,4,3,2,2,2,4,3,4,2,3,3,2,2,2,2,2,2,4,4,3,4,4,4,3,4,3,3,4,3,2,2,2,4,3,4,2,2,2,4,4,4,4,2,3,3,4,4,4,4,4,4,4,4,4,3,2,3,4,2,4,3,2,3,1,1, ,78285.8, ,58664.4, ,36572.6, , , , , , , , , , , , , , , , , , , , , , , , , , , , , , , , , , , , , , , , , , , , , , , , , , , , , , , , , , , , , , , , , , , , , , , , , , , , , , , , , , , , , , , , , , 
nZowrY5NmjN,xMoDy467,14/01/2025 22:15,14/01/2025 22:28,799,1,117.188.218.38,104.468339,25.700336,贵州省,六盘水市,COMPUTER,Windows,Chrome,1536px*864px,1_ISFP,1,4,2,1,3,4,4,3,3,4,4,4,4,4,3,4,4,4,2,3,3,2,2,2,2,2,4,3,3,4,3,2,4,4,4,4,3,3,3,3,4,4,4,4,3,3,3,3,3,5,4,4,4,4,3,4,4,4,3,4,2,3,3,3,3,4,3,4,2,2,3,5,3,3,3,2,2,3,3,2,3,4,4,2,1,3,2,4,4,4,4,3,3,4,4,5,2,2,2,4,4,4,3,4,2,3,3,3,4,4,4,4,4,4,3,4,4,4,4,4,2,3,3,1,1, ,37599.3, ,81075.4, ,29122.1, , , , , , , , , , , , , , , , , , , , , , , , , , , , , , , , , , , , , , , , , , , , , , , , , , , , , , , , , , , , , , , , , , , , , , , , , , , , , , , , , , , , , , , , , , 
nZoA4pNXRla,G7XnDV5e,14/01/2025 23:39,14/01/2025 23:53,832,1,39.144.251.68,118.246136,24.606167,福建省,厦门市,COMPUTER,Windows,Chrome,1536px*864px,10_INTP,2,4,3,1,1,4,4,4,4,5,4,4,4,4,3,4,5,4,4,4,3,3,3,4,4,4,5,4,4,5,4,4,5,4,4,5,5,4,4,4,4,3,4,4,2,2,2,4,4,4,4,4,4,4,5,4,4,4,2,2,3,2,4,3,3,4,4,4,2,2,4,4,4,4,4,3,4,4,4,4,4,4,5,4,4,4,5,4,4,4,4,4,4,4,3,4,2,3,3,4,4,4,2,4,2,4,2,4,4,4,2,4,4,4,4,3,4,4,4,4,3,4,3,10,10, , , , , , , , , , , , , , , , , , , , , , , , , , , , , , , , , , , , , , , , , , , , , , , , , , , , , , , ,22338, ,164176.8, ,28588.3, , , , , , , , , , , , , , , , , , , , , , , , , , , , , , , , , , , , 
mNVpDab429K,ve8J5qW7,14/01/2025 23:13,14/01/2025 23:37,1411,1,121.25.214.234,114.9000407,40.8160914,河北省,张家口市,COMPUTER,Windows,WeChat,1536px*864px,10_INTP,2,4,2,1,2,4,4,5,4,4,4,5,5,4,4,4,4,4,4,5,4,4,4,4,4,4,4,4,4,5,4,5,4,4,4,4,4,5,4,4,5,4,4,4,4,4,4,4,4,4,4,4,5,4,4,4,4,4,4,4,4,4,3,3,3,4,3,4,3,3,4,4,3,4,4,3,4,4,4,4,4,4,4,5,5,4,4,4,4,5,4,4,4,4,4,5,4,4,4,4,4,4,5,4,3,4,4,4,5,5,5,5,5,4,4,4,5,4,4,5,5,5,5,10,10, , , , , , , , , , , , , , , , , , , , , , , , , , , , , , , , , , , , , , , , , , , , , , , , , , , , , , , ,137888.6, ,95236.8, ,47784.5, , , , , , , , , , , , , , , , , , , , , , , , , , , , , , , , , , , , 
Q1kGjZ6vaDq,37K8A2PL,14/01/2025 23:05,14/01/2025 23:15,628,1,182.33.0.188,116.5968167,35.3961037,山东省,济宁市,COMPUTER,Windows,WeChat,1280px*720px,10_INTP,2,4,2,1,3,4,5,5,4,5,4,4,5,5,4,5,4,4,4,5,4,4,3,3,4,3,4,4,5,5,4,5,5,4,5,5,4,4,5,5,4,5,5,4,4,3,3,4,4,2,1,2,2,1,1,2,1,2,4,4,5,2,2,1,1,4,5,4,1,2,2,1,1,2,1,1,2,4,5,5,4,5,5,4,5,4,4,5,4,4,5,4,3,2,4,2,1,1,2,5,4,4,5,5,4,4,5,4,5,4,4,5,5,4,4,5,5,4,4,5,5,4,5,10,10, , , , , , , , , , , , , , , , , , , , , , , , , , , , , , , , , , , , , , , , , , , , , , , , , , , , , , , ,28238.2, ,21009.2, ,31244.1, , , , , , , , , , , , , , , , , , , , , , , , , , , , , , , , , , , , 
g90lkWJg0wO,VMJZB91M,14/01/2025 22:48,14/01/2025 23:03,934,1,183.219.65.234,114.396644,27.798733,江西省,宜春市,COMPUTER,Windows,Chrome,1536px*864px,10_INTP,1,4,3,1,3,4,4,5,4,4,4,5,5,4,4,3,3,4,5,5,4,4,4,5,5,4,4,5,4,4,4,5,4,5,5,3,4,4,4,3,3,4,4,4,4,5,4,4,5,2,1,1,2,2,2,1,1,1,4,5,4,4,2,1,1,3,3,4,2,1,2,2,2,1,1,2,3,4,3,3,4,5,5,4,4,4,5,4,3,3,2,3,3,4,4,1,2,2,1,4,5,5,4,4,4,5,5,4,4,4,4,5,4,5,4,5,4,4,5,5,4,5,4,10,10, , , , , , , , , , , , , , , , , , , , , , , , , , , , , , , , , , , , , , , , , , , , , , , , , , , , , , , ,28750.7, ,7937.4, ,25382.2, , , , , , , , , , , , , , , , , , , , , , , , , , , , , , , , , , , , 
g90lBVE5Paw,27a2DWbL,14/01/2025 22:36,14/01/2025 22:50,859,1,42.94.21.117,103.7632996,36.0865497,甘肃省,兰州市,COMPUTER,Windows,Chrome,1366px*768px,10_INTP,2,3,3,1,3,5,4,4,5,4,5,5,4,5,4,4,5,4,5,5,4,4,3,4,4,3,5,4,4,5,4,5,5,4,4,5,4,4,5,4,5,5,5,4,4,5,4,4,3,5,4,4,5,5,4,5,5,4,2,3,3,2,4,4,3,5,4,4,2,3,4,2,2,4,3,4,4,3,4,3,4,5,4,4,3,4,5,4,4,3,4,2,5,4,3,4,4,3,2,4,5,3,4,4,3,5,4,4,5,4,2,5,4,3,3,4,4,5,4,4,3,4,5,10,10, , , , , , , , , , , , , , , , , , , , , , , , , , , , , , , , , , , , , , , , , , , , , , , , , , , , , , , ,85151.5, ,104330.9, ,29712.6, , , , , , , , , , , , , , , , , , , , , , , , , , , , , , , , , , , , 
oGmNO0RAxl4,9LQGD1BM,14/01/2025 22:21,14/01/2025 22:36,882,1,112.36.8.47,117.9771299,37.4092992,山东省,滨州市,COMPUTER,Windows,Chrome,1920px*1080px,10_INTP,1,3,2,1,3,2,2,1,1,3,3,2,2,3,4,2,2,2,3,2,2,1,1,1,2,2,3,2,2,1,2,2,3,2,3,3,2,1,2,2,3,3,2,2,3,2,2,1,3,4,3,4,4,3,3,4,4,5,3,4,4,5,4,3,3,4,4,4,2,3,3,2,2,1,3,2,3,2,3,2,2,3,3,4,3,2,3,4,5,5,5,5,4,3,4,4,3,2,2,4,4,3,2,4,4,4,3,3,4,5,4,5,5,5,2,1,2,3,2,2,1,2,1,10,10, , , , , , , , , , , , , , , , , , , , , , , , , , , , , , , , , , , , , , , , , , , , , , , , , , , , , , , ,44815, ,39789.2, ,23452.6, , , , , , , , , , , , , , , , , , , , , , , , , , , , , , , , , , , , 
Q1kGva0RqP4,qM6xwo3L,14/01/2025 22:22,14/01/2025 22:36,809,1,183.188.54.163,112.7115244,38.419054,山西省,忻州市,COMPUTER,Windows,Chrome,1680px*1050px,10_INTP,2,5,4,1,3,4,5,4,4,4,5,4,5,5,4,5,5,4,4,5,4,4,4,4,4,5,4,5,4,4,4,5,5,5,4,4,4,5,4,4,4,5,4,4,4,5,4,4,5,4,4,3,2,2,2,1,2,2,4,2,4,3,2,2,2,4,4,2,2,2,2,1,1,2,2,1,2,4,4,5,4,5,4,4,4,5,4,5,5,4,4,4,3,2,2,2,1,2,1,4,4,4,5,4,4,5,4,4,4,4,5,4,4,4,4,4,5,4,4,5,5,4,5,10,10, , , , , , , , , , , , , , , , , , , , , , , , , , , , , , , , , , , , , , , , , , , , , , , , , , , , , , , ,20724.4, ,17779.5, ,21261.5, , , , , , , , , , , , , , , , , , , , , , , , , , , , , , , , , , , , 
NPXzJE10Q6r,AM99pznM,14/01/2025 22:17,14/01/2025 22:35,1075,1,120.85.102.74,113.426036,23.198032,广东省,广州市,COMPUTER,Windows,Chrome,1270px*715px,10_INTP,2,4,2,1,3,5,4,5,2,4,4,5,5,4,5,4,5,3,4,5,2,4,5,5,3,5,4,5,4,5,5,5,5,3,4,5,3,3,3,5,2,3,3,3,3,4,4,4,5,5,4,5,5,4,3,4,5,3,3,2,2,2,4,1,3,4,5,5,5,4,1,1,2,5,5,5,4,4,5,5,5,5,4,5,5,3,3,4,2,4,5,2,4,2,2,3,3,1,1,4,4,3,1,2,1,3,3,2,4,4,1,5,4,4,4,3,3,3,4,4,5,5,4,10,10, , , , , , , , , , , , , , , , , , , , , , , , , , , , , , , , , , , , , , , , , , , , , , , , , , , , , , , ,186110.4, ,68461.7, ,30977.8, , , , , , , , , , , , , , , , , , , , , , , , , , , , , , , , , , , , 
NPXzWDZaWgJ,leNyPkbL,14/01/2025 23:21,14/01/2025 23:33,718,1,218.0.193.30,120.2188504,30.239899,浙江省,杭州市,COMPUTER,Windows,Chrome,1366px*768px,11_ESTP,2,4,3,1,3,4,4,3,4,5,4,4,5,4,4,3,4,4,4,5,3,4,4,5,4,4,4,3,3,4,4,5,3,2,3,3,3,2,3,2,3,2,2,1,4,4,5,4,3,4,5,5,5,4,4,5,5,5,3,2,3,2,3,2,2,3,3,4,4,3,5,3,2,3,3,4,4,4,3,3,3,4,3,3,2,3,4,4,3,4,4,3,2,2,3,4,2,3,3,4,4,3,2,4,3,3,4,4,4,3,3,4,4,3,3,4,4,5,4,4,3,4,3,11,11, , , , , , , , , , , , , , , , , , , , , , , , , , , , , , , , , , , , , , , , , , , , , , , , , , , , , , , , , , , , , ,57377.6, ,33425.9, ,26587.6, , , , , , , , , , , , , , , , , , , , , , , , , , , , , , 
nZoAxGDJj1a,z7Az3JoL,14/01/2025 22:21,14/01/2025 23:20,3588,1,182.44.38.66,115.469125,35.2401634,山东省,菏泽市,COMPUTER,Windows,Chrome,1920px*1080px,11_ESTP,2,4,3,1,3,4,5,5,4,4,5,4,5,4,5,4,5,4,5,5,4,4,5,4,5,4,5,4,5,5,4,4,5,4,5,4,5,4,5,5,4,4,5,4,5,4,4,5,4,2,1,1,2,1,2,1,2,1,5,4,5,4,2,1,2,5,4,5,2,1,1,2,1,2,2,1,2,5,4,5,4,5,5,4,4,5,4,5,4,5,5,4,2,1,1,2,1,2,1,5,4,4,5,4,5,5,4,5,4,4,5,4,5,4,4,5,4,5,4,5,4,5,4,11,11, , , , , , , , , , , , , , , , , , , , , , , , , , , , , , , , , , , , , , , , , , , , , , , , , , , , , , , , , , , , , ,11794.4, ,4712.1, ,24335, , , , , , , , , , , , , , , , , , , , , , , , , , , , , , 
bo3dJwEGadk,WMR8B2PL,14/01/2025 22:53,14/01/2025 23:05,771,1,183.3.162.3,112.713867,22.72718,广东省,佛山市,COMPUTER,Windows,Chrome,1920px*1080px,11_ESTP,1,4,3,1,3,4,5,5,4,4,5,4,5,5,4,4,4,4,4,5,4,5,5,5,4,5,5,5,4,5,4,4,4,5,5,4,4,5,5,5,4,5,4,4,5,5,4,5,4,1,2,2,1,1,1,2,2,1,4,4,5,5,1,1,2,5,4,4,1,1,2,1,1,1,2,2,1,5,4,4,5,4,5,4,4,5,5,4,5,4,4,5,2,2,2,1,1,2,2,4,5,4,5,5,4,4,5,5,4,5,4,4,5,5,4,4,5,5,5,4,4,4,5,11,11, , , , , , , , , , , , , , , , , , , , , , , , , , , , , , , , , , , , , , , , , , , , , , , , , , , , , , , , , , , , , ,19039.3, ,14473.9, ,26629.2, , , , , , , , , , , , , , , , , , , , , , , , , , , , , , 
oGmNVPlrkN6,9LQzw4ve,14/01/2025 22:41,14/01/2025 22:57,958,1,58.20.74.170,113.0240446,28.1978805,湖南省,长沙市,COMPUTER,Windows,WeChat,1536px*864px,11_ESTP,2,4,3,1,3,4,3,4,3,4,4,4,4,5,3,3,4,4,4,3,2,2,3,2,2,2,3,3,2,2,3,2,3,2,2,2,2,2,2,2,2,2,2,2,2,2,3,4,3,3,4,5,5,5,4,5,4,4,3,2,2,2,4,4,4,4,4,4,3,2,2,2,2,2,2,3,2,2,1,1,3,3,2,3,1,4,4,4,5,5,5,5,3,2,3,2,2,2,1,2,4,4,4,4,4,4,5,4,5,5,5,5,4,5,3,2,2,2,3,3,1,1,1,11,11, , , , , , , , , , , , , , , , , , , , , , , , , , , , , , , , , , , , , , , , , , , , , , , , , , , , , , , , , , , , , ,26827.8, ,15050.5, ,49123.2, , , , , , , , , , , , , , , , , , , , , , , , , , , , , , 
vwkVn52QJOA,kM1Ob6nL,14/01/2025 22:20,14/01/2025 22:41,1206,1,116.253.211.36,109.1389829,21.4572474,广西壮族自治区,北海市,COMPUTER,Windows,Chrome,1920px*1080px,11_ESTP,1,5,4,1,3,4,4,5,5,4,5,5,4,4,5,5,4,4,4,5,4,4,5,5,4,4,4,4,5,5,4,5,4,5,5,4,4,5,5,4,5,5,4,5,4,5,5,4,5,1,2,2,1,2,2,1,2,1,4,4,5,5,1,2,2,4,5,4,1,2,2,1,2,2,1,1,2,4,4,5,4,4,5,4,4,5,4,5,4,4,5,5,1,1,2,2,1,2,2,4,4,5,4,4,5,5,4,5,5,4,4,5,5,4,4,4,5,4,5,5,4,4,5,11,11, , , , , , , , , , , , , , , , , , , , , , , , , , , , , , , , , , , , , , , , , , , , , , , , , , , , , , , , , , , , , ,6099.5, ,1888.4, ,49896.9, , , , , , , , , , , , , , , , , , , , , , , , , , , , , , 
vwkVnEYa4lV,G7XlwNw7,14/01/2025 22:22,14/01/2025 22:37,932,1,223.104.122.42,114.329808,30.576921,湖北省,武汉市,COMPUTER,Windows,Chrome,1366px*768px,11_ESTP,2,4,2,1,3,4,5,4,4,3,5,4,5,4,5,5,4,5,4,5,4,4,3,5,4,5,5,4,4,5,4,5,5,4,5,4,5,4,5,5,4,5,3,4,5,4,5,4,4,3,2,3,2,1,2,2,3,2,4,5,5,4,2,1,2,5,4,4,2,1,4,2,1,2,2,1,2,4,5,4,4,5,3,4,4,5,4,5,4,5,3,4,3,4,4,2,1,3,2,5,4,4,3,5,4,5,4,5,4,4,3,5,4,5,4,5,4,4,5,5,5,4,5,11,11, , , , , , , , , , , , , , , , , , , , , , , , , , , , , , , , , , , , , , , , , , , , , , , , , , , , , , , , , , , , , ,91680.8, ,72413.9, ,35351.2, , , , , , , , , , , , , , , , , , , , , , , , , , , , , , 
nZowrvY3KA0,QL00d2qL,12/01/2024 21:41,12/01/2024 21:57,975,1,112.20.67.231,118.7377507,32.0992691,江苏省,南京市,COMPUTER,Windows,Chrome,1600px*900px,11_ESTP,1,5,4,1,3,5,5,4,4,5,4,5,4,4,4,5,5,4,4,5,5,5,4,4,5,4,4,4,5,4,4,5,5,5,4,4,4,5,4,5,4,5,4,4,5,4,4,4,5,2,1,1,1,2,2,1,1,2,4,5,5,4,2,1,1,4,4,5,1,2,2,1,1,1,2,2,1,4,5,5,4,5,5,4,5,4,4,5,1,1,2,2,2,1,2,1,1,1,2,4,5,4,4,5,4,5,4,5,5,4,4,5,5,4,4,5,5,4,4,5,4,5,5,11,11, , , , , , , , , , , , , , , , , , , , , , , , , , , , , , , , , , , , , , , , , , , , , , , , , , , , , , , , , , , , , ,2684.5, ,2719.2, ,27113.7, , , , , , , , , , , , , , , , , , , , , , , , , , , , , , 
bo3dR3W6z0n,2MdV93XL,15/01/2025 00:28,15/01/2025 00:38,597,1,39.146.177.114,116.950803,31.453484,安徽省,六安市,COMPUTER,Windows,Chrome,1536px*864px,12_ENTP,2,5,3,1,3,4,4,5,5,5,4,4,5,5,5,4,4,4,4,3,3,4,4,4,4,4,3,3,3,2,4,3,4,2,3,4,4,3,2,2,1,1,1,2,2,3,3,2,2,4,4,4,4,3,4,3,3,4,2,2,2,2,4,4,4,3,4,3,2,3,3,2,3,4,3,3,3,3,2,3,3,3,4,3,4,3,3,3,5,5,4,3,4,4,4,3,4,4,3,4,3,3,3,2,2,4,4,4,3,4,2,3,3,2,2,2,2,4,3,3,3,4,4,12,12, , , , , , , , , , , , , , , , , , , , , , , , , , , , , , , , , , , , , , , , , , , , , , , , , , , , , , , , , , , , , , , , , , , ,15409.3, ,1790.8, ,25503.5, , , , , , , , , , , , , , , , , , , , , , , , 
oGmNK0RZOkW,z7A8z39M,14/01/2025 23:23,14/01/2025 23:35,726,1,116.169.4.97,104.209989,30.569207,四川省,成都市,COMPUTER,Windows,Chrome,1536px*864px,12_ENTP,2,4,2,1,3,4,4,4,3,3,4,4,4,4,5,4,4,4,4,4,3,4,4,4,2,3,2,2,2,3,3,3,3,3,3,4,4,2,3,2,2,2,2,3,2,3,2,3,2,5,5,5,5,4,4,4,5,5,2,2,2,2,4,3,2,3,3,3,3,3,5,3,2,4,4,5,5,3,3,3,3,3,3,4,3,2,2,3,4,4,3,3,3,2,3,4,4,4,4,3,2,3,2,3,2,3,2,2,3,2,2,3,2,3,3,4,3,2,3,3,2,3,2,12,12, , , , , , , , , , , , , , , , , , , , , , , , , , , , , , , , , , , , , , , , , , , , , , , , , , , , , , , , , , , , , , , , , , , ,20965.1, ,21142.7, ,48279.2, , , , , , , , , , , , , , , , , , , , , , , , 
vwkVyArm8rx,J7B66o67,14/01/2025 22:51,14/01/2025 23:11,1168,1,106.58.167.169,102.711455,25.042341,云南省,昆明市,COMPUTER,Windows,Chrome,1920px*1080px,12_ENTP,1,4,4,1,3,4,5,5,4,4,5,4,5,5,4,4,5,4,5,4,3,4,4,3,4,5,4,4,5,5,4,3,4,5,4,5,4,4,5,3,4,5,4,4,4,5,4,4,5,2,1,2,2,1,1,2,1,2,4,5,5,4,2,1,2,5,4,5,2,2,1,2,2,1,1,2,1,4,5,5,4,5,5,4,4,5,4,5,4,5,5,4,2,1,1,2,2,1,1,4,5,5,4,4,3,4,4,3,4,5,4,5,5,4,5,4,4,4,5,4,5,5,4,12,12, , , , , , , , , , , , , , , , , , , , , , , , , , , , , , , , , , , , , , , , , , , , , , , , , , , , , , , , , , , , , , , , , , , ,7651.2, ,3083, ,28490.5, , , , , , , , , , , , , , , , , , , , , , , , 
NPXzJN3x0Kz,xLVKmkVe,14/01/2025 22:28,14/01/2025 22:39,668,1,119.0.51.116,107.9735363,26.5930954,贵州省,黔东南苗族侗族自治州,COMPUTER,Windows,Chrome,1536px*864px,12_ENTP,2,5,2,1,3,4,4,5,5,4,5,4,4,5,4,5,5,4,5,5,4,4,5,5,4,5,4,5,4,5,5,4,5,4,4,3,4,3,4,4,5,4,3,4,4,5,4,4,5,4,4,3,3,4,3,4,4,3,4,4,5,5,1,2,1,4,4,5,2,1,2,1,1,2,2,1,2,4,4,5,4,4,5,5,4,5,5,4,4,5,5,4,2,3,2,3,3,2,2,4,4,5,4,5,4,4,5,4,4,5,5,4,5,5,4,4,5,4,5,4,2,2,3,12,12, , , , , , , , , , , , , , , , , , , , , , , , , , , , , , , , , , , , , , , , , , , , , , , , , , , , , , , , , , , , , , , , , , , ,13623.6, ,5484.4, ,130999.4, , , , , , , , , , , , , , , , , , , , , , , , 
bo30vvDZOBX,aMgmNPnL,14/01/2025 22:17,14/01/2025 22:33,918,1,101.21.227.181,115.4753906,38.8710328,河北省,保定市,COMPUTER,Windows,Chrome,1536px*864px,12_ENTP,2,4,4,1,1,4,5,4,5,4,5,4,5,5,3,4,3,4,3,5,4,4,4,5,4,5,4,4,3,5,5,4,5,4,4,4,5,5,4,5,4,5,4,4,4,4,5,5,4,2,3,2,2,1,3,2,1,2,4,3,5,3,2,2,1,4,4,4,2,2,3,1,2,1,1,3,2,4,4,5,4,5,4,4,5,5,4,4,4,4,5,4,4,4,5,2,2,2,2,4,5,4,5,4,5,4,4,4,5,4,4,5,5,4,4,4,5,4,5,5,5,4,4,12,12, , , , , , , , , , , , , , , , , , , , , , , , , , , , , , , , , , , , , , , , , , , , , , , , , , , , , , , , , , , , , , , , , , , ,36191.3, ,38017.8, ,27385.1, , , , , , , , , , , , , , , , , , , , , , , , 
vwkVlWAJo4N,p7Y9Nlz7,15/01/2025 00:26,15/01/2025 00:43,1070,1,36.248.207.13,118.1226075,24.4829228,福建省,厦门市,COMPUTER,Windows,Chrome,1920px*1080px,13_ISTJ,1,5,3,1,3,3,2,3,4,5,4,5,4,4,2,2,4,4,4,4,4,4,3,1,1,2,5,4,4,3,2,3,3,4,4,1,1,2,2,2,4,1,1,2,4,4,3,2,2,2,2,3,4,2,5,2,2,2,2,2,3,2,2,4,4,4,4,3,2,2,4,1,1,2,2,2,2,4,4,3,4,4,2,3,2,4,4,4,4,5,4,3,2,2,2,1,2,1,2,5,4,4,2,4,2,4,4,4,4,4,4,5,5,4,1,2,1,2,1,2,2,1,1,13,13, , , , , , , , , , , , , , , , , , , , , , , , , , , , , , , , , , , , , , , , , , , , , , , , , , , , , , , , , , , , , , , , , , , , , , , , , ,133350.9, ,59503.9, ,29526.4, , , , , , , , , , , , , , , , , , 
mNVpjvPrGZ4,kMr9yrBe,14/01/2025 23:37,14/01/2025 23:51,792,1,223.104.196.233,115.452906,35.244724,山东省,菏泽市,COMPUTER,Windows,Chrome,1536px*864px,13_ISTJ,2,4,2,1,1,4,4,4,4,4,4,4,5,4,4,5,4,3,4,4,4,4,3,4,4,4,4,4,4,5,5,4,4,4,5,4,5,4,4,4,5,4,4,5,4,4,5,4,4,3,4,4,4,4,3,5,4,4,4,4,4,5,2,2,2,4,4,4,2,2,4,2,3,2,2,3,3,4,4,4,4,5,4,4,4,4,4,5,3,4,4,4,4,2,3,2,4,3,2,4,4,4,5,5,4,4,4,5,4,4,5,5,4,4,4,4,4,4,3,4,3,4,4,13,13, , , , , , , , , , , , , , , , , , , , , , , , , , , , , , , , , , , , , , , , , , , , , , , , , , , , , , , , , , , , , , , , , , , , , , , , , ,42638.1, ,33241.9, ,26990.4, , , , , , , , , , , , , , , , , , 
Xy4r64P3088,4enojgmM,14/01/2025 23:11,14/01/2025 23:24,763,1,113.122.233.71,118.3363903,35.0525874,山东省,临沂市,COMPUTER,Windows,WeChat,2560px*1440px,13_ISTJ,1,4,2,1,3,2,3,2,1,2,3,2,4,4,3,3,4,4,4,5,3,4,3,3,4,3,4,4,3,4,3,4,4,3,3,4,5,4,5,5,4,3,4,3,4,4,4,3,4,4,4,5,4,5,4,4,5,4,4,2,4,4,4,3,3,4,3,3,2,3,4,3,4,2,3,2,2,3,4,4,4,4,3,4,3,4,3,4,5,5,3,3,4,4,5,4,3,3,2,4,4,5,4,4,5,4,5,4,4,4,5,4,4,4,3,4,4,3,4,4,5,4,4,13,13, , , , , , , , , , , , , , , , , , , , , , , , , , , , , , , , , , , , , , , , , , , , , , , , , , , , , , , , , , , , , , , , , , , , , , , , , ,51890.7, ,17949.9, ,29770.8, , , , , , , , , , , , , , , , , , 
lAGJ5jmg1lJ,xebnlyne,14/01/2025 22:53,14/01/2025 23:07,822,1,144.12.173.158,117.04135,36.6623208,山东省,济南市,COMPUTER,Windows,Chrome,1536px*864px,13_ISTJ,2,5,2,1,3,4,3,4,5,4,5,5,4,5,4,4,5,3,2,4,4,4,3,2,3,3,5,4,4,4,3,3,5,4,4,2,3,5,4,2,3,1,2,4,4,5,4,4,5,5,4,5,5,3,2,4,4,3,4,4,5,3,3,4,3,5,4,5,4,5,2,4,5,5,4,4,2,3,5,4,4,5,4,5,3,4,5,4,5,5,5,4,4,2,5,4,3,5,5,4,5,4,2,5,3,4,4,5,5,4,5,2,2,3,4,5,4,4,3,4,5,5,4,13,13, , , , , , , , , , , , , , , , , , , , , , , , , , , , , , , , , , , , , , , , , , , , , , , , , , , , , , , , , , , , , , , , , , , , , , , , , ,45029.6, ,31019.3, ,26537.5, , , , , , , , , , , , , , , , , , 
g90lW33PjBw,BMD5wlk7,14/01/2025 22:48,14/01/2025 23:01,815,1,61.54.184.46,115.0221563,35.7626452,河南省,濮阳市,COMPUTER,Windows,WeChat,1366px*768px,13_ISTJ,2,4,3,1,3,4,5,5,5,4,5,4,5,5,4,5,5,2,2,3,3,2,3,1,1,2,4,5,4,3,3,4,4,5,5,2,2,3,3,2,1,1,1,3,2,2,3,3,4,2,1,1,1,2,2,1,3,3,4,5,5,4,1,1,2,4,4,3,2,1,4,2,1,1,3,2,2,5,5,5,5,5,4,4,3,4,4,5,4,4,5,4,3,2,4,2,2,1,2,4,5,4,3,5,4,4,5,5,5,4,5,5,4,4,2,4,3,2,2,3,2,3,2,13,13, , , , , , , , , , , , , , , , , , , , , , , , , , , , , , , , , , , , , , , , , , , , , , , , , , , , , , , , , , , , , , , , , , , , , , , , , ,27293.8, ,34271.2, ,30677.1, , , , , , , , , , , , , , , , , , 
nZoAJV4kp6a,9LQnpzde,15/01/2025 00:13,15/01/2025 00:31,1069,1,121.33.239.66,113.385762,23.05285,广东省,广州市,COMPUTER,Mac OS X,Safari,1440px*900px,14_INTJ,1,4,2,1,3,5,4,5,3,4,4,5,5,4,4,5,4,5,4,5,3,4,4,3,3,4,4,3,4,5,5,5,4,4,4,4,4,5,4,5,3,3,4,5,4,4,5,5,4,3,4,4,4,3,3,4,5,3,4,5,4,3,3,2,2,5,4,5,1,2,4,3,2,4,3,4,3,5,4,5,4,5,5,4,3,4,5,5,5,5,3,3,4,3,5,4,2,4,4,4,3,2,2,4,3,5,5,3,4,4,3,5,4,4,3,4,5,5,4,5,5,5,3,14,14, , , , , , , , , , , , , , , , , , , , , , , , , , , , , , , , , , , , , , , , , , , , , , , , , , , , , , , , , , , , , , , , , , , , , , , , , , , , , , , ,20929, ,10545, ,30693, , , , , , , , , , , , 
Q1kG2aryWdv,BepbRQX7,14/01/2025 23:08,14/01/2025 23:20,701,1,183.33.66.161,113.148135,22.671586,广东省,江门市,COMPUTER,Windows,Chrome,1920px*1080px,14_INTJ,1,4,4,1,3,4,5,5,4,4,4,5,4,5,5,5,4,5,5,4,5,4,4,4,5,4,4,5,4,4,4,5,5,4,5,5,4,5,5,5,4,4,5,4,4,4,4,5,5,1,1,2,1,2,2,2,1,1,5,5,4,4,1,1,2,4,4,4,2,2,1,1,2,1,2,2,2,5,5,4,4,4,5,4,5,5,4,4,5,5,4,4,1,1,2,2,1,1,1,4,4,5,4,5,5,5,4,4,5,4,5,5,5,4,5,5,4,4,5,5,5,4,5,14,14, , , , , , , , , , , , , , , , , , , , , , , , , , , , , , , , , , , , , , , , , , , , , , , , , , , , , , , , , , , , , , , , , , , , , , , , , , , , , , , ,25044.8, ,9976.5, ,29827.4, , , , , , , , , , , , 
Xy4roGnXxlw,9LQG9JAM,14/01/2025 22:53,14/01/2025 23:10,969,1,27.201.169.124,117.1229911,36.1417614,山东省,泰安市,COMPUTER,Windows,WeChat,1707px*1067px,14_INTJ,1,4,2,1,3,3,4,3,4,3,4,2,4,3,2,3,4,4,2,3,2,4,2,2,3,3,4,3,4,4,3,4,3,4,3,2,3,4,3,2,3,3,2,3,3,4,3,4,3,4,5,5,5,4,4,3,3,4,3,2,2,2,4,5,4,4,2,2,4,3,4,3,4,4,4,5,4,4,3,3,3,3,4,2,2,3,4,4,3,3,2,2,3,4,2,4,2,2,3,4,3,4,3,4,3,4,3,3,4,2,3,4,3,2,3,4,4,2,3,4,2,4,3,14,14, , , , , , , , , , , , , , , , , , , , , , , , , , , , , , , , , , , , , , , , , , , , , , , , , , , , , , , , , , , , , , , , , , , , , , , , , , , , , , , ,5166.8, ,1983.9, ,25097.4, , , , , , , , , , , , 
lAGJzQWjY85,kM1OZqBL,14/01/2025 22:21,14/01/2025 22:53,1954,1,114.96.109.74,117.2772718,31.8710932,安徽省,合肥市,COMPUTER,Windows,Chrome,1920px*1080px,14_INTJ,1,4,6,1,3,4,5,4,4,5,4,5,5,4,5,4,5,4,5,5,4,4,5,4,5,4,5,4,5,4,4,5,4,5,4,5,4,5,5,4,5,4,5,4,5,4,5,4,5,1,2,2,1,2,1,2,1,2,5,4,5,4,2,1,2,5,4,5,1,2,2,1,2,1,1,2,1,5,4,5,4,5,5,4,4,5,4,5,4,5,4,5,1,2,2,1,2,1,2,5,4,4,5,4,5,4,4,5,4,5,5,4,5,4,4,5,4,5,4,5,4,5,4,14,14, , , , , , , , , , , , , , , , , , , , , , , , , , , , , , , , , , , , , , , , , , , , , , , , , , , , , , , , , , , , , , , , , , , , , , , , , , , , , , , ,26203.7, ,5610.1, ,25523.5, , , , , , , , , , , , 
oGmNO5BRy4O,xMoDK2O7,14/01/2025 22:22,14/01/2025 22:37,914,1,112.97.80.26,113.887261,22.578878,广东省,深圳市,COMPUTER,Windows,Chrome,1536px*864px,14_INTJ,2,4,2,1,3,4,4,4,4,4,4,4,4,4,4,4,4,3,3,4,3,3,3,4,4,4,3,3,3,4,4,4,4,4,4,4,3,4,4,3,3,3,3,3,3,3,3,4,4,5,4,4,4,3,4,4,4,4,4,3,4,4,2,2,2,4,4,4,2,2,3,3,2,2,3,3,3,4,4,4,4,4,4,4,4,4,4,4,4,4,4,4,2,3,3,3,3,3,3,4,4,4,4,4,3,3,3,3,3,3,3,3,3,3,4,4,4,4,4,3,3,3,4,14,14, , , , , , , , , , , , , , , , , , , , , , , , , , , , , , , , , , , , , , , , , , , , , , , , , , , , , , , , , , , , , , , , , , , , , , , , , , , , , , , ,51082, ,35119.5, ,29991.8, , , , , , , , , , , , 
bo3dkmmWrkl,kMrqVDpe,14/01/2025 22:19,14/01/2025 22:36,1011,1,120.235.46.240,113.749078,23.0194246,广东省,东莞市,COMPUTER,Windows,WeChat,1366px*768px,14_INTJ,2,4,2,1,3,4,5,4,4,5,4,5,4,4,5,4,5,4,5,4,4,5,4,5,4,5,4,5,4,4,5,4,5,5,4,4,5,4,4,5,4,5,4,5,4,5,5,4,5,4,4,5,5,4,3,4,5,4,4,3,5,3,5,3,3,4,4,5,2,1,3,2,3,2,2,3,3,5,4,4,4,5,5,4,5,4,5,4,4,5,5,4,4,4,5,4,3,3,2,4,5,4,4,5,4,5,5,4,5,5,4,5,5,4,4,5,4,4,4,5,4,5,4,14,14, , , , , , , , , , , , , , , , , , , , , , , , , , , , , , , , , , , , , , , , , , , , , , , , , , , , , , , , , , , , , , , , , , , , , , , , , , , , , , , ,148360.6, ,110866.1, ,40913.5, , , , , , , , , , , , 
Xy4rDZWWJmB,z7lknYRM,14/01/2025 23:38,15/01/2025 00:36,3468,1,36.26.75.64,120.7678664,30.7404874,浙江省,嘉兴市,COMPUTER,Windows,Chrome,1920px*1080px,15_ESTJ,1,4,2,1,3,4,4,5,4,5,4,4,5,4,5,4,4,4,5,4,5,4,5,5,4,5,4,5,4,5,5,4,5,4,5,4,4,5,4,5,4,5,5,4,5,4,5,5,4,1,2,1,2,2,1,2,1,1,4,4,5,4,1,2,1,4,4,5,1,1,2,1,2,2,1,2,1,5,4,5,4,4,5,4,5,4,5,5,5,5,4,5,4,4,5,2,1,1,2,4,5,4,5,4,5,5,4,5,4,5,4,4,5,4,4,5,5,4,5,4,5,5,4,15,15, , , , , , , , , , , , , , , , , , , , , , , , , , , , , , , , , , , , , , , , , , , , , , , , , , , , , , , , , , , , , , , , , , , , , , , , , , , , , , , , , , , , , ,3291.2, ,1956, ,26794.3, , , , , , 
bo3dozE348d,leN6dbme,14/01/2025 23:43,14/01/2025 23:57,857,1,58.62.197.47,113.3893937,23.1565381,广东省,广州市,COMPUTER,Mac OS X,Firefox,1440px*900px,15_ESTJ,1,4,4,1,3,5,4,5,4,4,5,4,5,4,5,4,5,4,5,4,5,5,4,5,4,5,4,5,4,5,5,4,5,4,5,4,5,4,4,5,4,5,4,5,4,5,5,4,5,1,2,1,2,1,1,2,1,2,4,5,4,5,1,2,1,4,5,5,2,1,2,1,2,2,1,2,1,5,4,5,4,5,4,5,4,4,5,4,5,4,5,4,2,2,1,1,2,1,2,4,5,4,5,5,4,5,4,5,4,4,5,4,5,4,5,4,5,4,5,4,5,4,5,15,15, , , , , , , , , , , , , , , , , , , , , , , , , , , , , , , , , , , , , , , , , , , , , , , , , , , , , , , , , , , , , , , , , , , , , , , , , , , , , , , , , , , , , ,14938, ,17138, ,27488, , , , , , 
bo3dymAZajd,J7qvVdpL,14/01/2025 23:18,14/01/2025 23:35,1007,1,120.38.233.201,118.180302,26.638809,福建省,南平市,COMPUTER,Windows,Chrome,1440px*960px,15_ESTJ,1,4,3,1,3,4,5,4,3,5,4,3,4,5,3,5,4,4,5,5,4,5,4,3,2,3,4,5,3,4,3,4,5,4,5,4,3,4,4,5,2,3,2,3,4,3,5,3,2,3,2,2,3,1,2,3,1,2,4,5,4,4,2,1,2,5,3,5,2,1,2,1,1,2,2,1,2,4,4,5,4,5,4,5,5,4,5,4,2,2,1,2,2,1,2,1,1,2,1,3,2,3,4,3,3,2,2,3,3,2,1,2,3,2,4,4,5,3,2,4,3,5,4,15,15, , , , , , , , , , , , , , , , , , , , , , , , , , , , , , , , , , , , , , , , , , , , , , , , , , , , , , , , , , , , , , , , , , , , , , , , , , , , , , , , , , , , , ,33580.1, ,101710.8, ,25511.2, , , , , , 
Q1kGPdDwNYY,8MZnlkGM,14/01/2025 23:11,14/01/2025 23:28,985,1,27.27.207.159,112.1531153,32.0612032,湖北省,襄阳市,COMPUTER,Windows,WeChat,1707px*1067px,15_ESTJ,2,4,2,1,3,5,4,5,4,4,3,5,4,3,3,5,4,3,2,4,2,3,2,3,3,4,4,2,3,4,3,5,4,3,3,4,5,5,3,4,3,2,3,2,3,2,3,4,4,4,5,4,4,5,5,4,5,3,4,4,5,3,2,1,4,5,5,3,4,3,3,2,4,4,3,3,4,4,3,4,4,5,5,4,3,4,5,4,3,4,5,3,2,5,5,4,3,1,2,4,5,3,3,4,5,4,5,4,4,5,4,4,5,5,4,5,5,3,4,3,4,5,4,15,15, , , , , , , , , , , , , , , , , , , , , , , , , , , , , , , , , , , , , , , , , , , , , , , , , , , , , , , , , , , , , , , , , , , , , , , , , , , , , , , , , , , , , ,180570.6, ,21997.8, ,31450, , , , , , 
mNVpKQXrPQn,leNb0pRe,14/01/2025 22:55,14/01/2025 23:07,689,1,112.97.63.207,113.968845,22.631341,广东省,深圳市,COMPUTER,Windows,Chrome,1276px*718px,15_ESTJ,1,5,6,1,3,4,5,4,4,5,5,4,5,4,4,5,4,4,5,4,4,4,5,5,4,5,4,5,5,4,4,4,5,5,4,4,5,5,5,4,5,4,4,4,4,5,5,4,4,2,1,2,2,1,1,1,2,1,4,5,4,4,2,1,2,4,4,4,2,1,2,2,1,1,1,2,1,4,5,5,4,5,4,5,5,5,4,4,3,4,4,3,2,2,2,1,2,1,1,4,5,4,4,4,4,4,5,4,4,4,5,4,5,4,5,4,4,4,5,4,4,5,5,15,15, , , , , , , , , , , , , , , , , , , , , , , , , , , , , , , , , , , , , , , , , , , , , , , , , , , , , , , , , , , , , , , , , , , , , , , , , , , , , , , , , , , , , ,54394.2, ,46306.6, ,30491.3, , , , , , 
nZoA0wg66YA,5M2aOWDe,14/01/2025 22:23,14/01/2025 22:39,964,1,182.150.102.178,104.187467,30.567226,四川省,成都市,COMPUTER,Windows,Chrome,1536px*864px,15_ESTJ,1,4,2,1,3,4,4,5,3,4,4,4,5,5,4,4,5,3,4,5,4,3,3,4,3,4,2,3,2,4,4,3,5,3,3,4,5,4,2,2,1,2,3,2,3,4,3,3,4,5,5,5,5,5,4,5,5,4,3,3,3,2,5,3,4,4,2,3,2,3,5,4,5,5,3,4,3,3,2,2,3,4,3,3,2,2,1,3,4,4,3,3,5,4,4,5,4,3,4,4,4,3,3,5,4,4,4,5,4,3,2,5,4,4,4,5,4,4,4,3,3,4,3,15,15, , , , , , , , , , , , , , , , , , , , , , , , , , , , , , , , , , , , , , , , , , , , , , , , , , , , , , , , , , , , , , , , , , , , , , , , , , , , , , , , , , , , , ,58477.1, ,41797.2, ,56464.6, , , , , , 
Q1kG2db9a5b,aMgzoEQe,14/01/2025 23:07,14/01/2025 23:20,784,1,49.70.45.55,118.2928581,33.9482208,江苏省,宿迁市,COMPUTER,Windows,Chrome,1920px*1080px,16_ENTJ,2,4,4,1,3,4,3,4,5,4,4,5,3,5,2,4,4,4,3,5,4,5,3,3,4,3,4,3,4,5,4,5,4,3,4,4,5,3,4,4,3,3,4,5,4,5,3,4,5,3,4,3,5,4,3,4,5,4,4,3,4,3,2,2,1,3,2,4,3,3,4,2,4,2,2,3,1,5,4,4,4,5,4,3,3,4,5,4,4,3,5,4,4,2,3,4,3,2,3,4,5,4,3,3,4,5,3,3,4,4,3,3,4,5,5,4,4,4,5,4,5,3,4,16,16, , , , , , , , , , , , , , , , , , , , , , , , , , , , , , , , , , , , , , , , , , , , , , , , , , , , , , , , , , , , , , , , , , , , , , , , , , , , , , , , , , , , , , , , , , , ,2667.6, ,2532.5, ,42692.1
Q1kGJrBJkzQ,ve8JXpg7,14/01/2025 22:49,14/01/2025 23:00,676,1,39.160.160.210,117.0437211,28.246382,江西省,鹰潭市,COMPUTER,Windows,Chrome,1920px*1080px,16_ENTJ,2,4,4,1,3,4,5,5,4,5,5,4,3,4,5,5,4,4,4,5,5,5,4,4,3,4,4,5,4,4,4,4,5,5,5,3,4,5,5,5,3,3,4,4,4,4,5,5,5,2,2,1,1,2,2,1,1,2,5,5,4,4,1,1,2,4,4,5,2,2,3,1,1,1,2,2,1,4,4,5,5,5,4,4,5,5,5,4,5,5,4,5,2,1,4,1,2,2,2,4,4,4,5,5,4,4,5,4,4,4,5,4,4,5,4,4,5,4,4,5,4,5,4,16,16, , , , , , , , , , , , , , , , , , , , , , , , , , , , , , , , , , , , , , , , , , , , , , , , , , , , , , , , , , , , , , , , , , , , , , , , , , , , , , , , , , , , , , , , , , , ,34975.8, ,36645.9, ,36637.3
Q1kGJ2wbXjq,G7XBEKOe,14/01/2025 22:46,14/01/2025 23:05,1136,1,117.140.191.222,110.2972681,25.2782583,广西壮族自治区,桂林市,COMPUTER,Windows,Chrome,1536px*864px,16_ENTJ,2,4,3,1,3,4,3,4,4,4,3,4,4,4,3,3,4,3,3,4,3,3,4,3,3,3,4,3,4,4,3,3,4,3,4,3,3,4,3,3,4,3,3,3,4,3,3,4,3,2,3,3,4,3,4,4,3,3,4,4,5,4,2,2,2,4,3,4,3,2,2,1,1,1,2,2,3,4,3,3,4,3,4,3,4,3,4,3,4,4,5,4,2,3,2,3,3,2,2,3,4,4,3,3,3,4,4,4,5,3,4,4,5,4,3,4,4,3,4,3,3,4,3,16,16, , , , , , , , , , , , , , , , , , , , , , , , , , , , , , , , , , , , , , , , , , , , , , , , , , , , , , , , , , , , , , , , , , , , , , , , , , , , , , , , , , , , , , , , , , , ,40590.8, ,47419, ,30315.8
g90lEro0jxl,KLO4ybxe,14/01/2025 22:27,14/01/2025 22:43,970,1,171.111.173.141,108.3111942,22.8052092,广西壮族自治区,南宁市,COMPUTER,Windows,Chrome,1536px*960px,16_ENTJ,2,4,2,1,3,4,3,4,3,4,5,4,3,4,2,5,3,2,1,3,2,3,2,1,2,2,3,3,4,4,3,4,3,4,4,4,5,4,4,3,5,4,4,3,4,4,2,2,4,4,5,4,5,4,4,5,5,4,2,3,2,1,3,2,2,4,2,4,3,2,4,4,4,3,5,2,3,3,4,3,4,4,3,3,2,4,4,4,4,4,2,3,4,4,2,4,5,5,4,4,4,5,3,4,5,2,3,2,4,4,5,4,4,3,2,4,4,4,3,4,4,3,4,16,16, , , , , , , , , , , , , , , , , , , , , , , , , , , , , , , , , , , , , , , , , , , , , , , , , , , , , , , , , , , , , , , , , , , , , , , , , , , , , , , , , , , , , , , , , , , ,26524.6, ,23501.7, ,55335
Q1kGv3kPg2W,WMRDrN1L,14/01/2025 22:19,14/01/2025 22:35,969,1,223.160.128.119,116.633666,40.313981,北京市,市辖区,COMPUTER,Windows,Chrome,1280px*720px,16_ENTJ,1,4,3,1,3,3,1,1,3,4,2,4,2,2,2,1,3,3,2,2,2,3,2,1,2,2,2,1,1,2,1,1,4,2,2,3,2,4,2,1,2,3,2,1,3,2,3,2,2,4,3,4,4,3,2,3,5,4,1,2,3,2,5,3,4,2,3,2,4,4,5,3,3,4,2,4,4,2,2,2,3,2,3,3,2,2,1,2,4,4,5,4,3,4,3,3,2,3,4,3,2,2,2,2,3,2,2,3,2,1,4,3,2,2,2,3,2,2,3,2,1,2,1,16,16, , , , , , , , , , , , , , , , , , , , , , , , , , , , , , , , , , , , , , , , , , , , , , , , , , , , , , , , , , , , , , , , , , , , , , , , , , , , , , , , , , , , , , , , , , , ,113370.1, ,76858, ,41444.4
lAGJZxy542R,o7jQPGdM,15/01/2025 01:00,15/01/2025 01:10,615,1,111.29.170.174,110.353826,20.042637,海南省,海口市,COMPUTER,Windows,Chrome,1536px*864px,2_INFP,2,4,5,1,3,4,5,5,4,5,4,4,5,4,5,5,4,5,4,4,5,4,5,5,3,4,5,4,5,5,4,5,4,4,5,4,5,5,4,5,4,4,5,4,5,5,3,5,4,4,4,5,4,5,3,4,4,5,5,4,4,5,2,1,1,2,1,2,2,1,4,3,1,2,1,2,2,5,4,4,4,4,5,4,5,5,5,4,5,4,5,5,4,3,4,2,2,3,1,5,4,4,5,4,5,5,4,4,5,4,5,4,4,4,4,5,5,4,5,4,5,5,4,2,2, , , , , , , ,18958.5, ,18828.5, ,44500.7, , , , , , , , , , , , , , , , , , , , , , , , , , , , , , , , , , , , , , , , , , , , , , , , , , , , , , , , , , , , , , , , , , , , , , , , , , , , , , , , , , , , 
NPXz8KA9jzm,qM6kAVv7,15/01/2025 00:01,15/01/2025 00:15,823,1,106.225.146.196,115.9191298,28.6745131,江西省,南昌市,COMPUTER,Windows,Chrome,1920px*1080px,2_INFP,1,5,4,1,3,4,5,4,4,5,5,4,5,4,5,4,4,4,5,5,4,4,5,4,5,4,5,4,4,5,5,4,4,5,4,4,5,5,4,4,5,4,5,4,4,5,5,4,5,2,1,1,2,2,1,2,1,2,4,5,5,4,2,2,1,5,4,5,2,1,1,2,2,1,2,1,2,4,5,4,4,5,5,4,4,5,4,5,4,5,5,4,1,1,4,2,1,2,2,4,5,5,4,4,5,5,4,5,5,4,5,4,5,4,4,5,4,5,4,4,4,5,4,2,2, , , , , , , ,14019.9, ,7876.3, ,31244.5, , , , , , , , , , , , , , , , , , , , , , , , , , , , , , , , , , , , , , , , , , , , , , , , , , , , , , , , , , , , , , , , , , , , , , , , , , , , , , , , , , , , 
mNVpn6V8w1p,G7XZnnje,14/01/2025 23:50,15/01/2025 00:06,903,1,120.235.6.38,110.281652,21.608225,广东省,湛江市,COMPUTER,Windows,Chrome,1920px*1080px,2_INFP,2,5,6,1,3,5,5,4,3,4,5,5,5,4,4,5,5,3,2,3,1,3,2,2,1,2,1,1,1,4,5,5,4,4,4,2,2,4,3,2,3,2,1,1,4,3,4,4,2,4,5,4,5,5,4,4,4,3,4,5,4,3,1,2,2,3,2,4,2,3,4,1,2,2,3,2,2,4,5,4,4,4,4,5,3,4,3,4,4,5,4,3,2,2,4,2,2,3,4,4,2,3,2,5,3,4,5,4,4,2,4,5,3,4,2,4,4,4,2,4,2,4,3,2,2, , , , , , , ,41804.3, ,69453.9, ,24886.4, , , , , , , , , , , , , , , , , , , , , , , , , , , , , , , , , , , , , , , , , , , , , , , , , , , , , , , , , , , , , , , , , , , , , , , , , , , , , , , , , , , , 
oGmNzAEgZ9K,G7X4Q687,14/01/2025 23:05,14/01/2025 23:31,1528,1,175.152.11.22,113.728186,34.772201,河南省,郑州市,COMPUTER,Windows,Chrome,3072px*1728px,2_INFP,2,5,4,1,3,4,5,5,3,5,4,5,5,4,4,3,4,4,5,5,5,4,4,3,5,4,4,4,4,5,5,3,4,4,5,5,5,3,3,4,5,3,4,4,4,3,4,5,4,2,2,1,2,2,3,1,2,2,5,3,3,4,2,1,2,4,5,4,3,4,2,2,3,1,2,2,1,4,5,5,5,4,4,5,4,3,3,4,4,5,4,4,3,3,4,2,2,1,1,4,3,3,4,5,4,4,3,5,4,4,5,5,4,5,4,4,5,5,4,3,3,5,4,2,2, , , , , , , ,45611.4, ,30853.4, ,37268.8, , , , , , , , , , , , , , , , , , , , , , , , , , , , , , , , , , , , , , , , , , , , , , , , , , , , , , , , , , , , , , , , , , , , , , , , , , , , , , , , , , , , 
bo3d9vVvGll,9LQylwYL,14/01/2025 22:50,14/01/2025 23:03,760,1,36.163.167.131,109.004209,34.224919,陕西省,西安市,COMPUTER,Windows,Chrome,1280px*720px,2_INFP,2,5,2,1,2,5,4,5,4,5,5,5,4,4,4,3,4,2,4,3,3,4,3,3,4,4,3,3,3,4,4,4,4,3,4,4,3,4,4,3,3,4,4,3,4,3,4,4,3,4,5,4,4,5,4,5,5,4,3,4,4,4,2,3,3,4,3,4,3,2,2,2,3,3,4,3,4,3,3,3,4,3,3,2,2,2,3,2,4,4,4,4,4,3,4,4,4,3,3,3,4,4,4,4,4,5,5,4,4,5,5,4,4,4,4,4,4,4,3,4,3,4,4,2,2, , , , , , , ,40131.8, ,27975.2, ,28737.3, , , , , , , , , , , , , , , , , , , , , , , , , , , , , , , , , , , , , , , , , , , , , , , , , , , , , , , , , , , , , , , , , , , , , , , , , , , , , , , , , , , , 
oGmN1KVmBmN,2MdjonzL,14/01/2025 22:22,14/01/2025 22:42,1198,1,118.78.188.234,110.9979576,35.0556913,山西省,运城市,COMPUTER,Windows,Chrome,1220px*686px,2_INFP,2,5,4,1,3,4,5,3,2,4,5,4,5,4,5,4,2,4,4,5,4,5,4,4,5,4,4,5,5,4,5,4,4,5,4,4,2,4,4,2,5,5,4,2,4,4,5,4,5,2,1,1,2,1,2,2,1,2,4,5,4,4,2,1,1,4,2,5,4,4,2,1,1,2,2,1,2,4,5,4,4,5,5,4,5,4,4,5,4,5,5,4,2,4,4,2,2,1,2,4,4,5,4,3,4,5,4,4,5,5,4,5,4,5,5,4,4,4,4,5,5,4,5,2,2, , , , , , , ,180736.3, ,87131.9, ,30102.3, , , , , , , , , , , , , , , , , , , , , , , , , , , , , , , , , , , , , , , , , , , , , , , , , , , , , , , , , , , , , , , , , , , , , , , , , , , , , , , , , , , , 
NPXzW41aE4v,ve8OvogL,14/01/2025 23:22,14/01/2025 23:37,852,1,153.99.190.77,119.210844,34.6326541,江苏省,连云港市,COMPUTER,Windows,Chrome,1536px*864px,3_ESFP,1,4,2,1,3,4,4,4,3,3,4,3,4,4,4,4,5,4,4,5,4,4,3,4,3,4,4,4,4,5,4,5,5,4,4,5,4,5,4,3,4,3,3,4,4,4,5,5,3,3,2,3,4,2,4,3,3,4,4,4,5,4,2,2,1,4,4,4,2,2,2,1,2,1,2,2,2,4,4,4,4,4,5,4,4,4,4,5,4,4,3,4,4,3,4,2,2,3,2,4,5,3,3,5,4,4,5,5,5,4,4,5,4,4,4,5,4,4,4,4,4,4,5,3,3, , , , , , , , , , , , , ,60667.6, ,43983.3, ,34797.4, , , , , , , , , , , , , , , , , , , , , , , , , , , , , , , , , , , , , , , , , , , , , , , , , , , , , , , , , , , , , , , , , , , , , , , , , , , , , , 
Q1kG2aZWYjG,WMRBardM,14/01/2025 23:07,14/01/2025 23:20,795,1,42.49.74.61,109.9958843,27.5484363,湖南省,怀化市,COMPUTER,Windows,Chrome,1536px*864px,3_ESFP,2,4,4,1,3,5,4,3,5,4,5,5,4,5,3,3,4,5,4,4,5,3,4,4,3,5,5,5,4,3,5,4,4,5,4,4,3,5,5,4,5,3,4,4,4,3,3,5,4,2,2,1,3,2,1,1,3,2,3,5,4,3,1,2,1,5,4,4,4,4,5,2,1,2,1,1,2,4,4,5,5,4,5,5,3,4,3,5,5,4,4,5,5,3,4,4,5,4,5,4,2,5,4,5,5,3,4,4,5,3,2,4,5,4,4,5,4,4,3,5,4,5,4,3,3, , , , , , , , , , , , , ,16078.4, ,12574.6, ,32355.2, , , , , , , , , , , , , , , , , , , , , , , , , , , , , , , , , , , , , , , , , , , , , , , , , , , , , , , , , , , , , , , , , , , , , , , , , , , , , , 
lAGJdaBNxjg,37KwaKQ7,14/01/2025 23:05,14/01/2025 23:21,947,1,58.242.162.133,117.3585642,32.9468457,安徽省,蚌埠市,COMPUTER,Windows,Chrome,1366px*768px,3_ESFP,2,4,4,1,3,5,5,5,4,5,5,4,4,5,4,5,5,5,4,4,5,5,4,4,4,5,4,4,4,5,5,5,5,4,5,4,5,5,5,5,4,3,5,4,5,5,4,4,4,1,1,2,2,1,2,1,1,1,5,5,4,4,2,1,1,5,5,4,1,2,1,1,1,1,2,1,1,5,5,4,5,5,5,4,4,5,5,4,2,4,2,2,1,2,3,1,1,1,1,5,5,4,4,5,4,5,5,4,4,5,5,5,5,5,5,5,5,4,5,5,5,4,5,3,3, , , , , , , , , , , , , ,54805.1, ,41292, ,23282.5, , , , , , , , , , , , , , , , , , , , , , , , , , , , , , , , , , , , , , , , , , , , , , , , , , , , , , , , , , , , , , , , , , , , , , , , , , , , , , 
nZoAYmqrl0m,yevkZ5bM,15/01/2025 00:27,15/01/2025 00:44,1041,1,117.132.79.42,118.0876529,36.7532161,山东省,淄博市,COMPUTER,Windows,Chrome,1440px*900px,4_ENFP,2,4,5,1,3,5,5,5,4,4,4,5,4,4,5,4,5,5,4,5,4,4,5,4,4,5,4,5,5,5,4,4,5,4,5,4,5,5,5,4,5,4,4,5,4,4,5,5,4,4,4,5,5,4,5,4,4,5,4,5,4,4,1,1,1,4,3,4,2,1,1,2,2,1,2,1,2,5,4,4,4,5,4,4,5,4,5,4,4,5,4,3,2,1,4,2,2,1,2,5,5,4,4,5,4,5,4,5,5,4,4,5,5,4,4,5,5,4,4,5,4,5,4,4,4, , , , , , , , , , , , , , , , , , , ,110160.4, ,63439.9, ,32846.5, , , , , , , , , , , , , , , , , , , , , , , , , , , , , , , , , , , , , , , , , , , , , , , , , , , , , , , , , , , , , , , , , , , , , , , , 
lAGJgNzodvg,kMrqm96e,14/01/2025 23:16,14/01/2025 23:33,999,1,121.35.102.158,114.062815,22.553184,广东省,深圳市,COMPUTER,Windows,Chrome,2560px*1440px,4_ENFP,2,4,4,1,3,4,5,4,5,5,4,4,5,4,5,5,4,4,5,5,4,5,4,4,5,5,4,5,5,4,5,4,4,5,5,4,5,5,4,4,5,4,5,4,4,5,5,4,5,3,1,2,2,1,1,2,1,2,4,5,4,4,2,1,2,4,4,5,2,1,3,2,2,1,2,1,1,4,5,5,4,4,5,5,4,5,4,4,3,3,2,2,2,1,3,2,1,2,2,4,5,4,4,5,4,5,4,4,5,4,5,4,5,5,4,5,4,4,4,5,4,5,5,4,4, , , , , , , , , , , , , , , , , , , ,45451.4, ,39772.5, ,27346.6, , , , , , , , , , , , , , , , , , , , , , , , , , , , , , , , , , , , , , , , , , , , , , , , , , , , , , , , , , , , , , , , , , , , , , , , 
Xy4rWRQ199B,ve8oAZxL,14/01/2025 23:11,14/01/2025 23:27,942,1,121.230.22.114,119.9226594,32.4832614,江苏省,泰州市,COMPUTER,Windows,Chrome,1280px*720px,4_ENFP,2,4,3,1,3,4,5,5,4,4,5,4,4,5,4,5,5,4,4,5,4,5,5,4,4,5,4,5,4,5,4,5,4,4,5,5,4,5,4,4,5,5,4,4,5,4,4,5,4,2,1,2,1,3,2,3,1,2,5,4,4,5,2,1,2,4,4,5,1,2,3,1,2,3,1,1,2,4,5,4,4,4,5,5,4,4,5,4,5,5,4,4,2,4,5,2,1,1,2,5,4,4,5,4,4,5,5,4,5,4,4,4,5,5,4,4,5,4,4,5,5,5,4,4,4, , , , , , , , , , , , , , , , , , , ,20555.7, ,18163.6, ,38305.3, , , , , , , , , , , , , , , , , , , , , , , , , , , , , , , , , , , , , , , , , , , , , , , , , , , , , , , , , , , , , , , , , , , , , , , , 
lAGJ51Epp1q,Ke5XNRxL,14/01/2025 22:54,14/01/2025 23:08,820,1,111.19.6.52,109.2238695,34.661153,陕西省,西安市,COMPUTER,Windows,Chrome,1280px*720px,4_ENFP,2,4,2,1,3,4,4,5,4,3,4,3,5,5,4,5,5,4,5,4,3,4,3,4,5,5,3,3,3,4,4,4,5,3,3,3,3,4,4,4,2,3,2,2,4,4,3,4,3,4,4,5,5,5,4,5,3,3,4,4,4,3,2,2,1,4,3,4,2,3,2,2,1,2,3,4,2,4,3,3,2,2,3,2,2,1,2,2,5,5,5,3,3,2,3,2,2,1,2,4,4,3,1,2,2,3,4,3,2,2,3,4,4,3,4,4,5,4,3,3,4,4,3,4,4, , , , , , , , , , , , , , , , , , , ,37087.1, ,56426.2, ,25276.9, , , , , , , , , , , , , , , , , , , , , , , , , , , , , , , , , , , , , , , , , , , , , , , , , , , , , , , , , , , , , , , , , , , , , , , , 
Xy4a2WvZa65,QL0Rk1jM,14/01/2025 22:09,14/01/2025 22:20,670,1,183.225.93.183,102.545359,24.356789,云南省,玉溪市,COMPUTER,Windows,Chrome,1313px*739px,4_ENFP,2,4,2,1,3,4,5,4,4,5,4,3,4,5,3,4,4,3,4,5,3,4,3,4,3,4,4,3,3,5,5,4,4,3,3,4,5,5,4,3,4,4,3,5,4,2,4,3,4,4,5,4,5,5,4,4,3,4,2,4,4,4,2,3,2,2,4,5,2,2,4,4,3,3,4,2,4,3,4,3,3,4,3,4,3,2,4,4,4,4,4,3,4,3,4,5,3,4,2,4,4,4,2,3,2,4,4,2,3,3,2,5,5,4,3,4,4,4,5,5,4,3,2,4,4, , , , , , , , , , , , , , , , , , , ,25697.6, ,34401.8, ,26980.5, , , , , , , , , , , , , , , , , , , , , , , , , , , , , , , , , , , , , , , , , , , , , , , , , , , , , , , , , , , , , , , , , , , , , , , , 
Q1kG9RD8o8G,kMrRv4yM,15/01/2025 00:59,15/01/2025 01:13,790,1,39.129.255.173,101.8536419,24.5652958,云南省,楚雄彝族自治州,COMPUTER,Windows,Chrome,1366px*768px,5_ISFJ,2,4,3,1,3,4,5,5,4,4,5,4,4,4,3,5,5,4,2,4,2,4,4,5,2,4,5,4,2,4,4,4,5,4,4,2,2,4,4,3,2,2,1,2,4,2,4,4,3,4,5,5,4,5,4,4,5,4,4,3,2,2,4,3,5,5,4,5,4,4,5,2,1,4,4,5,4,4,5,4,4,4,3,4,4,5,5,4,5,4,4,3,2,4,4,5,4,2,2,5,4,4,4,5,4,5,5,4,5,4,4,5,5,4,4,5,5,2,2,4,4,5,5,5,5, , , , , , , , , , , , , , , , , , , , , , , , , ,47389.7, ,44008.8, ,38705, , , , , , , , , , , , , , , , , , , , , , , , , , , , , , , , , , , , , , , , , , , , , , , , , , , , , , , , , , , , , , , , , , 
oGmNpwyoaVB,27aDbWZM,14/01/2025 23:28,14/01/2025 23:53,1466,1,223.66.20.100,119.9393911,31.7558433,江苏省,常州市,COMPUTER,Windows,Chrome,1920px*1080px,5_ISFJ,2,4,4,1,3,4,4,5,4,4,3,5,4,4,4,4,4,4,3,4,4,4,3,4,4,4,4,3,3,4,4,5,4,4,4,4,3,4,4,3,3,3,3,4,3,3,4,4,3,3,3,4,4,3,2,3,2,2,5,4,4,4,2,1,2,4,4,4,2,3,3,2,2,3,3,3,2,4,4,3,4,4,4,3,3,4,4,4,3,4,5,4,4,3,4,2,2,3,3,4,4,3,3,3,2,4,3,3,4,4,5,4,5,3,3,4,4,4,4,4,4,4,5,5,5, , , , , , , , , , , , , , , , , , , , , , , , , ,102742.1, ,107650.4, ,45607.6, , , , , , , , , , , , , , , , , , , , , , , , , , , , , , , , , , , , , , , , , , , , , , , , , , , , , , , , , , , , , , , , , , 
mNVpW4mddDz,J7qyNrG7,14/01/2025 23:10,14/01/2025 23:28,1097,1,182.87.76.18,115.858545,28.689843,江西省,南昌市,COMPUTER,Windows,Chrome,1536px*960px,5_ISFJ,2,4,2,1,3,4,4,4,4,4,4,4,4,4,4,4,4,2,2,2,2,3,3,2,2,4,4,4,4,4,4,4,4,3,4,4,3,4,4,2,4,4,2,2,4,4,4,2,2,3,3,3,3,3,3,3,3,4,2,2,2,2,2,3,3,2,4,3,3,2,3,4,4,4,4,3,4,2,2,2,2,3,3,3,2,2,4,3,5,5,5,5,4,4,3,3,3,4,4,4,4,4,2,2,2,4,2,3,2,2,4,4,4,3,2,3,4,3,2,2,2,4,2,5,5, , , , , , , , , , , , , , , , , , , , , , , , , ,68687.7, ,27127.7, ,28705.5, , , , , , , , , , , , , , , , , , , , , , , , , , , , , , , , , , , , , , , , , , , , , , , , , , , , , , , , , , , , , , , , , , 
g903GnqJJyJ,G7XnBAGe,14/01/2025 22:13,14/01/2025 22:28,906,1,111.121.217.89,105.3105265,27.2943303,贵州省,毕节市,COMPUTER,Windows,Chrome,2560px*1440px,5_ISFJ,2,4,4,1,2,1,2,1,2,1,3,2,3,4,3,1,1,3,2,1,2,2,2,1,1,1,2,2,2,3,3,2,3,3,2,1,1,1,1,1,4,3,1,1,3,3,2,4,4,5,2,4,4,3,3,4,3,2,4,4,4,3,2,3,2,4,3,5,2,3,3,2,3,2,3,3,3,2,2,2,2,3,3,3,2,2,5,5,4,5,5,5,3,1,4,3,1,1,3,4,4,4,2,3,1,3,4,3,4,3,3,4,4,4,2,1,2,2,2,3,2,3,1,5,5, , , , , , , , , , , , , , , , , , , , , , , , , ,26433.1, ,27239, ,29578.5, , , , , , , , , , , , , , , , , , , , , , , , , , , , , , , , , , , , , , , , , , , , , , , , , , , , , , , , , , , , , , , , , , 
bo3dDxvbz5J,xeb0rQX7,15/01/2025 00:22,15/01/2025 00:30,499,1,112.97.61.223,113.955087,22.609406,广东省,深圳市,COMPUTER,Windows,Chrome,1276px*716px,6_INFJ,2,5,4,1,3,4,5,5,4,4,4,5,4,5,5,4,5,4,5,4,4,5,5,5,4,5,4,5,5,4,5,4,4,4,5,4,5,5,4,4,4,5,5,4,4,5,4,4,5,2,1,2,2,1,1,2,2,2,4,5,5,4,2,1,1,5,4,4,2,1,2,1,1,2,2,2,1,4,5,4,5,5,4,5,5,4,4,4,4,4,5,4,2,1,2,2,1,1,1,5,4,4,4,5,5,4,5,5,4,4,5,4,5,4,4,5,5,4,5,4,5,4,4,6,6, , , , , , , , , , , , , , , , , , , , , , , , , , , , , , , ,62310.9, ,10942.3, ,39438.7, , , , , , , , , , , , , , , , , , , , , , , , , , , , , , , , , , , , , , , , , , , , , , , , , , , , , , , , , , , , 
Xy4r6vKqp9B,KLOkq8AL,14/01/2025 23:08,14/01/2025 23:22,837,1,124.164.43.229,112.8736746,35.493284,山西省,晋城市,COMPUTER,Windows,Chrome,1280px*720px,6_INFJ,1,4,5,1,2,2,3,2,1,2,3,2,4,3,2,3,2,4,5,2,1,4,2,1,2,1,2,1,2,1,2,1,1,2,3,2,1,3,3,2,3,4,2,5,3,4,5,4,4,3,2,3,4,4,3,2,2,1,3,4,4,3,4,2,5,4,3,1,3,4,5,2,3,2,1,3,2,2,3,2,4,3,3,1,2,3,2,3,5,4,3,3,4,5,3,2,3,2,1,4,4,5,3,4,3,5,5,4,3,3,3,4,4,2,3,4,3,2,1,3,1,2,2,6,6, , , , , , , , , , , , , , , , , , , , , , , , , , , , , , , ,29995.9, ,20199.1, ,28755.7, , , , , , , , , , , , , , , , , , , , , , , , , , , , , , , , , , , , , , , , , , , , , , , , , , , , , , , , , , , , 
WQ2XvQamNmE,VMJpmZnL,14/01/2025 23:01,14/01/2025 23:14,801,1,123.54.26.18,115.6447667,34.3999827,河南省,商丘市,COMPUTER,Windows,Chrome,1920px*1080px,6_INFJ,1,4,3,1,3,5,5,4,4,5,4,5,4,5,5,4,4,5,4,5,5,4,4,5,4,5,4,5,4,5,5,4,4,5,4,4,5,5,4,4,5,4,5,4,4,4,5,5,4,2,2,1,1,2,1,2,2,1,4,4,5,5,2,2,1,4,5,4,2,2,1,1,2,1,1,2,1,4,5,4,5,4,4,5,4,5,4,5,5,4,5,4,2,2,1,1,2,1,2,5,4,4,5,4,4,5,4,5,4,4,5,5,4,4,5,5,4,4,5,4,4,4,5,6,6, , , , , , , , , , , , , , , , , , , , , , , , , , , , , , , ,12586.1, ,12324.3, ,54716.9, , , , , , , , , , , , , , , , , , , , , , , , , , , , , , , , , , , , , , , , , , , , , , , , , , , , , , , , , , , , 
bo3dqP1jAYk,5LmZqxde,14/01/2025 22:30,14/01/2025 22:47,1015,1,113.117.145.226,113.3903003,22.5155197,广东省,中山市,COMPUTER,Windows,WeChat,2048px*1152px,6_INFJ,1,3,3,1,3,4,5,4,4,5,4,5,4,4,4,5,5,1,2,4,4,5,3,5,4,4,4,3,4,5,5,4,5,5,4,3,4,4,5,5,4,2,3,4,4,5,5,4,2,4,4,3,2,2,5,2,2,3,4,5,5,4,2,1,2,5,4,2,2,2,3,1,1,2,2,1,1,4,4,5,5,4,4,5,5,4,5,4,4,5,5,4,2,1,3,2,2,1,1,4,5,4,3,4,4,5,4,5,5,4,4,5,4,5,4,5,4,4,5,5,5,4,4,6,6, , , , , , , , , , , , , , , , , , , , , , , , , , , , , , , ,119602.4, ,47535.9, ,28642.9, , , , , , , , , , , , , , , , , , , , , , , , , , , , , , , , , , , , , , , , , , , , , , , , , , , , , , , , , , , , 
mNVp9nKA1Qn,Ke5n0PnM,14/01/2025 22:23,14/01/2025 22:43,1171,1,221.197.232.118,117.187317,39.092173,天津市,市辖区,COMPUTER,Windows,Chrome,1366px*768px,6_INFJ,1,5,5,1,3,5,4,5,3,4,4,5,3,4,3,4,5,4,4,5,4,3,5,4,3,4,4,4,3,4,5,5,4,4,5,4,5,5,4,4,3,4,4,3,4,4,5,5,4,2,2,3,3,1,2,2,1,2,4,3,4,3,3,2,1,5,5,4,3,2,3,2,1,2,1,2,3,4,5,4,4,5,3,3,4,5,4,4,4,5,4,3,2,3,5,3,1,2,3,4,5,4,3,5,3,4,4,3,5,4,5,3,4,4,3,4,5,4,5,4,3,5,4,6,6, , , , , , , , , , , , , , , , , , , , , , , , , , , , , , , ,148798.4, ,110507.9, ,32796.6, , , , , , , , , , , , , , , , , , , , , , , , , , , , , , , , , , , , , , , , , , , , , , , , , , , , , , , , , , , , 
nZowrBwRNAR,BMDZdzqL,14/01/2025 22:15,14/01/2025 22:27,708,1,112.47.97.218,118.580069,24.8964381,福建省,泉州市,COMPUTER,Windows,WeChat,1536px*864px,6_INFJ,2,4,4,1,3,3,4,4,3,3,4,3,3,4,4,3,5,3,2,2,3,3,2,2,2,3,3,3,4,4,4,3,3,3,4,3,3,3,2,4,3,4,3,3,3,2,3,3,4,4,3,3,4,5,5,4,4,3,3,4,4,5,2,2,1,3,3,2,3,4,3,4,2,2,3,2,4,3,4,4,3,4,3,4,4,4,3,4,3,4,3,4,4,4,4,2,2,2,3,3,4,4,2,4,2,3,4,4,3,3,4,5,4,4,3,4,4,3,4,3,3,4,4,6,6, , , , , , , , , , , , , , , , , , , , , , , , , , , , , , , ,21231.5, ,9747.3, ,39656.5, , , , , , , , , , , , , , , , , , , , , , , , , , , , , , , , , , , , , , , , , , , , , , , , , , , , , , , , , , , , 
lAGJ3GE4OBJ,9LQbV1ve,15/01/2025 00:02,15/01/2025 00:15,823,1,163.125.124.171,114.0867734,22.5383279,广东省,深圳市,COMPUTER,Windows,Chrome,2560px*1440px,7_ESFJ,2,4,4,1,3,4,5,4,4,5,4,4,5,4,5,5,4,4,5,4,4,5,4,4,5,4,4,5,5,4,5,4,4,5,4,4,5,4,4,5,4,4,5,5,4,5,4,4,5,2,1,3,1,2,2,1,2,2,4,5,4,5,2,1,1,4,4,5,2,1,1,2,1,2,1,1,2,4,5,5,4,4,5,4,5,5,4,5,2,3,2,2,3,2,1,2,2,1,2,4,5,4,4,5,5,4,5,5,4,5,4,4,5,4,4,4,5,5,4,4,5,4,5,7,7, , , , , , , , , , , , , , , , , , , , , , , , , , , , , , , , , , , , , ,41008.3, ,9838.2, ,24996.7, , , , , , , , , , , , , , , , , , , , , , , , , , , , , , , , , , , , , , , , , , , , , , , , , , , , , , 
nZoAa9EQD42,5M2xzjaL,14/01/2025 23:14,14/01/2025 23:32,1085,1,124.119.50.24,86.037917,44.306,新疆维吾尔自治区,自治区直辖县级行政区划,COMPUTER,Windows,Chrome,1536px*864px,7_ESFJ,2,4,2,1,3,4,4,4,5,5,5,5,4,4,4,5,5,4,4,4,5,5,5,4,4,4,4,4,5,5,5,5,4,4,4,4,4,5,5,5,4,5,5,4,4,4,5,5,5,4,4,4,4,5,5,5,5,5,4,4,4,4,1,1,1,5,5,5,2,2,2,1,1,1,1,1,1,4,4,5,4,4,5,5,5,5,5,5,4,4,5,5,1,2,2,2,1,1,1,4,4,5,5,5,4,4,4,5,5,4,4,4,5,5,5,5,5,5,5,5,5,4,4,7,7, , , , , , , , , , , , , , , , , , , , , , , , , , , , , , , , , , , , , ,32463.3, ,15200.9, ,29463.4, , , , , , , , , , , , , , , , , , , , , , , , , , , , , , , , , , , , , , , , , , , , , , , , , , , , , , 
mNVpovQK0Gg,G7XrZV8e,14/01/2025 23:06,14/01/2025 23:21,881,1,182.39.150.76,117.3250044,34.8111483,山东省,枣庄市,COMPUTER,Windows,Chrome,1536px*864px,7_ESFJ,1,4,2,1,3,4,4,5,5,4,3,4,4,4,5,3,4,4,3,4,4,5,5,4,4,5,5,4,4,5,3,4,4,4,5,4,4,5,2,4,4,4,5,4,4,5,4,3,4,5,5,4,4,5,5,2,4,4,4,5,4,4,4,2,4,3,4,4,5,4,4,5,3,4,4,5,5,4,5,5,4,4,5,3,4,4,5,3,5,5,4,4,4,5,5,4,4,5,3,4,4,5,2,4,4,5,4,4,2,4,4,5,4,4,4,5,5,4,4,5,4,4,5,7,7, , , , , , , , , , , , , , , , , , , , , , , , , , , , , , , , , , , , , ,33957.2, ,11422.4, ,28120, , , , , , , , , , , , , , , , , , , , , , , , , , , , , , , , , , , , , , , , , , , , , , , , , , , , , , 
Q1kGqXQvgl4,4enkDJ0M,14/01/2025 22:49,14/01/2025 23:06,992,1,113.101.212.49,111.9765937,21.8739766,广东省,阳江市,COMPUTER,Windows,Chrome,1440px*900px,7_ESFJ,2,4,2,1,3,4,5,5,4,4,4,5,2,2,3,4,3,4,4,4,3,3,3,2,4,5,4,4,4,3,3,2,4,4,3,4,3,2,3,2,3,2,4,3,4,4,3,4,5,5,3,4,5,4,2,4,4,3,2,2,2,2,4,5,5,4,3,4,1,2,4,2,1,1,4,3,2,2,3,3,4,4,3,4,3,4,3,3,5,4,5,5,2,4,4,2,1,1,3,4,5,5,3,4,3,5,4,4,5,4,3,4,5,5,4,5,4,3,3,3,4,4,5,7,7, , , , , , , , , , , , , , , , , , , , , , , , , , , , , , , , , , , , , ,36428.9, ,27055.6, ,25671, , , , , , , , , , , , , , , , , , , , , , , , , , , , , , , , , , , , , , , , , , , , , , , , , , , , , , 
NPXzQJ2OEmm,neP2REd7,14/01/2025 22:23,14/01/2025 22:41,1079,1,223.85.149.95,105.064829,29.601016,四川省,内江市,COMPUTER,Windows,Chrome,1280px*720px,7_ESFJ,2,5,5,1,3,5,5,5,4,5,4,5,5,5,5,5,5,4,4,5,4,5,5,5,5,5,4,4,4,5,5,5,5,4,5,4,4,5,5,5,4,4,4,5,4,4,5,5,4,2,2,2,2,3,2,1,3,1,4,4,4,4,1,1,1,4,4,3,2,2,3,2,1,2,1,2,1,4,5,4,4,5,5,4,4,4,5,4,4,5,4,3,3,4,4,3,2,2,2,4,4,5,4,4,4,5,5,5,4,5,4,5,5,4,4,5,5,5,5,4,4,5,5,7,7, , , , , , , , , , , , , , , , , , , , , , , , , , , , , , , , , , , , , ,66780.2, ,74375.9, ,30733.5, , , , , , , , , , , , , , , , , , , , , , , , , , , , , , , , , , , , , , , , , , , , , , , , , , , , , , 
Q1kGvG5Q0qv,p7YvqoZL,14/01/2025 22:26,14/01/2025 22:39,794,1,60.222.206.109,111.016736,35.049602,山西省,运城市,COMPUTER,Windows,Chrome,1920px*1080px,7_ESFJ,2,4,2,1,3,5,4,5,5,4,4,4,5,4,5,5,5,4,4,5,4,4,4,4,4,4,4,4,4,5,4,4,5,4,5,4,4,4,5,4,5,5,5,5,4,4,4,5,4,4,4,5,5,4,3,4,4,3,4,4,4,4,2,1,1,4,4,5,2,2,2,1,1,1,2,2,1,4,4,4,4,4,5,5,4,4,4,4,5,5,5,4,3,2,3,1,2,2,3,5,4,4,4,4,4,4,5,5,5,4,4,4,5,5,4,4,5,4,5,5,5,5,4,7,7, , , , , , , , , , , , , , , , , , , , , , , , , , , , , , , , , , , , , ,65428, ,115029.5, ,27737.4, , , , , , , , , , , , , , , , , , , , , , , , , , , , , , , , , , , , , , , , , , , , , , , , , , , , , , 
WQ2XGYmwOYb,veEX1mJL,14/01/2025 22:27,14/01/2025 22:39,764,1,120.228.254.252,113.0087454,28.2141151,湖南省,长沙市,COMPUTER,Windows,WeChat,1280px*720px,8_ENFJ,2,4,2,1,3,4,5,5,5,4,4,5,4,4,5,3,4,4,5,4,4,4,5,4,4,5,4,5,4,4,4,5,4,4,4,4,5,5,5,4,4,5,4,5,4,4,5,5,4,3,4,4,4,2,5,4,4,2,4,4,5,4,2,2,2,4,4,3,2,1,2,2,1,2,2,1,2,4,4,4,5,4,4,5,5,4,4,4,4,4,3,3,3,2,3,2,1,2,2,4,5,5,4,4,4,5,5,4,5,5,4,4,5,4,4,5,5,4,5,5,3,4,4,8,8, , , , , , , , , , , , , , , , , , , , , , , , , , , , , , , , , , , , , , , , , , , ,6601.8, ,39279.2, ,37442.1, , , , , , , , , , , , , , , , , , , , , , , , , , , , , , , , , , , , , , , , , , , , , , , , 
Xy4rjkWmqq5,0eyk4r97,14/01/2025 22:23,14/01/2025 22:36,785,1,117.140.171.87,110.1564735,22.6283449,广西壮族自治区,玉林市,COMPUTER,Windows,WeChat,1536px*864px,8_ENFJ,1,4,2,1,3,4,3,4,4,5,3,4,5,4,4,5,4,4,5,4,3,4,2,2,4,4,4,5,4,4,4,3,3,4,4,4,2,3,2,3,4,4,2,3,4,4,5,4,4,5,4,5,4,4,5,4,3,4,4,3,4,2,4,4,3,4,4,3,3,2,4,4,2,3,2,3,2,3,4,4,4,4,3,4,2,2,3,4,4,5,5,3,4,3,4,4,2,3,2,4,5,4,4,3,2,4,4,4,5,4,5,4,4,4,2,4,4,3,3,2,2,3,4,8,8, , , , , , , , , , , , , , , , , , , , , , , , , , , , , , , , , , , , , , , , , , , ,58573.4, ,42345.5, ,28366.8, , , , , , , , , , , , , , , , , , , , , , , , , , , , , , , , , , , , , , , , , , , , , , , , 
WQ2Xp1lv49X,DMxovEQe,14/01/2025 23:17,14/01/2025 23:32,940,1,175.16.11.252,126.5683473,43.8546728,吉林省,吉林市,COMPUTER,Windows,Microsoft Edge,1024px*640px,9_ISTP,2,4,6,1,3,4,5,5,4,4,5,5,4,4,4,5,5,4,4,5,4,4,4,5,4,5,4,5,4,5,5,4,5,4,4,5,5,4,4,4,5,5,4,4,5,4,5,5,4,4,4,5,3,3,2,4,4,4,4,5,4,4,2,1,1,4,4,5,1,2,2,2,3,2,4,3,4,5,4,4,5,4,4,4,4,5,4,4,4,5,4,5,2,4,4,5,2,2,2,4,5,5,4,4,4,5,4,3,4,4,5,5,4,4,5,5,4,4,5,5,4,5,4,9,9, , , , , , , , , , , , , , , , , , , , , , , , , , , , , , , , , , , , , , , , , , , , , , , , , ,136208.9, ,119517.5, ,38597.8, , , , , , , , , , , , , , , , , , , , , , , , , , , , , , , , , , , , , , , , , , 
lAGJNrbjQo5,o7jn9Kd7,14/01/2025 23:04,14/01/2025 23:17,738,1,39.149.215.179,113.6482322,34.7492146,河南省,郑州市,COMPUTER,Windows,WeChat,1440px*900px,9_ISTP,2,4,3,1,3,4,5,5,3,3,5,4,5,4,5,4,4,4,5,4,5,3,4,4,5,4,4,5,4,4,5,4,5,3,5,4,5,3,4,3,5,4,5,5,4,5,3,4,4,4,3,5,2,4,5,4,3,5,4,5,5,4,2,1,1,4,3,5,2,1,3,1,2,1,4,3,4,4,5,4,4,5,4,4,5,3,5,3,4,5,3,3,4,5,4,3,5,4,2,4,3,5,4,4,5,4,3,5,4,5,5,4,5,4,4,3,5,2,5,4,3,5,4,9,9, , , , , , , , , , , , , , , , , , , , , , , , , , , , , , , , , , , , , , , , , , , , , , , , , ,20339.6, ,5111.4, ,25569.3, , , , , , , , , , , , , , , , , , , , , , , , , , , , , , , , , , , , , , , , , , 
Xy4rovpq9xG,5Lwwp9nL,14/01/2025 22:49,14/01/2025 23:07,1095,1,119.133.6.219,113.0918938,22.584205,广东省,江门市,COMPUTER,Windows,WeChat,1920px*1080px,9_ISTP,1,5,2,1,3,4,3,2,3,4,4,3,2,3,3,4,4,3,3,2,2,2,1,2,2,2,2,2,2,3,2,4,4,3,4,2,3,3,2,2,1,2,2,2,3,3,4,2,3,2,2,2,2,1,3,2,2,2,4,3,3,2,3,2,2,4,5,5,2,1,2,2,1,1,1,1,1,3,3,3,3,3,4,4,4,3,4,4,4,4,4,4,4,2,3,1,2,2,2,4,4,4,3,4,2,3,3,3,4,4,5,5,4,4,2,3,3,3,2,2,3,4,3,9,9, , , , , , , , , , , , , , , , , , , , , , , , , , , , , , , , , , , , , , , , , , , , , , , , , ,70548.3, ,30968.2, ,30982.7, , , , , , , , , , , , , , , , , , , , , , , , , , , , , , , , , , , , , , , , , , 
